mod,brier,,
ddg,0.184416305,,
ddd,0.186001173,,
wts,0.192625688,,
maria2,0.193401337,,
aw,0.19544683,,
tra,0.195633823,,
ml,0.195749869,,
kake,0.198550621,,
raaa,0.199458361,,
bspn,0.200992149,,
gq,0.217686296,,
bb,0.234670166,,
tpp,0.268933135,,
experts,0.183837806,,
log,0.201172838,,
maria,0.205611565,,
bb2,0.211998658,,
kake2,0.244180574,,
ddd2,0.453550125,,
